GrLivArea,TotalBsmtSF,GarageCars,OverallQual,YearBuilt,FullBath,HalfBath,BsmtFullBath,BsmtHalfBath,Neighborhood,SalePrice
767,21,1,1,2001,0,1,0,1,Somerst,169798
2821,543,2,6,2000,2,1,1,1,OldTown,448097
2463,927,3,7,1984,0,0,0,0,CollgCr,477662
1816,1653,1,5,1915,1,1,0,1,NAmes,409329
1799,1328,0,4,1932,2,1,1,1,NAmes,334295
3075,1406,3,8,1974,2,1,0,1,Edwards,521682
757,980,0,4,2009,0,0,0,1,Sawyer,191331
2592,199,2,7,1989,1,1,1,1,CollgCr,430798
1104,703,0,5,1946,0,0,1,1,Edwards,236633
782,1794,0,1,1925,0,1,0,1,Sawyer,211754
2079,79,3,5,2005,1,0,0,1,Gilbert,381278
3426,1582,0,1,1930,2,0,0,0,NAmes,523043
2707,1232,2,9,1937,2,1,1,0,Edwards,489312
2783,511,2,6,2006,1,1,0,0,CollgCr,464648
2652,1400,0,4,1961,0,1,1,0,CollgCr,422088
2858,1506,0,5,1929,0,0,1,0,CollgCr,474537
2039,77,3,6,1900,0,1,1,0,Somerst,333620
884,191,2,3,1947,0,0,0,0,CollgCr,222447
3019,1198,0,3,2008,0,1,1,1,CollgCr,506012
1851,1798,3,4,1947,2,1,0,0,CollgCr,369895
2001,43,1,3,1976,0,1,0,1,OldTown,298546
1612,1198,0,7,1927,0,1,0,0,Somerst,307929
1047,245,3,1,1985,1,1,0,0,OldTown,222845
3280,1170,0,8,1985,0,1,1,1,OldTown,548705
2844,1121,2,4,1966,1,0,0,1,Edwards,481106
2431,162,3,6,1984,0,0,1,1,Somerst,433474
1707,1225,2,2,1963,0,0,0,1,NAmes,345900
2968,1614,2,4,1941,1,1,0,1,Sawyer,503613
2136,1554,1,7,1981,2,1,0,1,Sawyer,456515
1830,52,0,3,1991,1,0,0,0,Somerst,318175
1851,442,2,2,1992,1,0,0,1,Somerst,339452
1181,433,3,5,1923,1,0,1,1,Somerst,289039
776,815,0,2,1974,0,0,1,0,Edwards,209864
2163,257,3,3,1900,0,0,0,0,OldTown,331123
3163,1537,1,5,1962,1,1,1,1,OldTown,506454
691,1398,2,6,1962,0,1,1,0,CollgCr,268791
3074,1455,0,6,1939,2,0,0,1,Gilbert,524681
2982,356,2,7,2009,1,0,0,0,OldTown,489848
1330,26,0,8,1997,0,1,0,0,CollgCr,304298
2394,1639,1,1,1904,1,1,1,0,Sawyer,360100
995,520,2,4,1922,0,1,1,1,Edwards,225941
2774,1181,0,1,1922,1,0,0,0,Somerst,419378
2601,1636,1,1,1998,2,0,1,1,CollgCr,447210
1563,65,2,2,1957,0,0,1,1,CollgCr,321007
703,9,0,6,1980,1,1,1,0,Gilbert,194366
3412,9,1,9,1989,0,1,0,1,Edwards,508125
1837,281,1,7,1984,1,1,1,0,CollgCr,346429
3179,92,2,6,1909,0,0,1,1,Gilbert,412914
2533,1475,3,8,1915,1,0,1,0,OldTown,446433
2835,1090,3,2,1943,1,1,1,0,Somerst,482315
2779,1764,0,8,1937,0,1,1,1,OldTown,470471
1083,1442,0,9,1982,1,1,1,1,Edwards,294032
1591,1733,0,1,1917,2,0,0,1,Gilbert,340321
1900,429,2,5,1940,2,0,0,1,Sawyer,367965
1993,518,0,8,1926,0,0,0,0,CollgCr,350690
631,1528,0,5,1920,1,1,0,0,Somerst,210428
2139,440,3,8,1919,2,1,1,0,Sawyer,379701
962,103,3,9,1921,1,1,1,1,Somerst,227257
2730,1204,3,5,1962,0,0,1,0,CollgCr,452365
2549,1441,1,1,1945,1,1,1,0,CollgCr,404142
3267,1742,2,4,1947,0,0,0,0,CollgCr,521489
2734,1670,2,2,1952,0,1,0,0,NAmes,445646
1599,216,0,5,1981,1,1,1,0,Gilbert,266656
3402,1389,2,6,1994,1,1,0,0,Sawyer,573768
1732,1523,2,5,1957,2,1,1,0,Edwards,379932
1477,1256,1,2,1970,1,1,0,1,Somerst,348726
3216,1475,3,3,1981,2,0,0,0,Gilbert,528793
1611,1508,2,7,1975,1,0,1,0,OldTown,378452
729,803,2,1,1914,2,1,1,1,Edwards,205164
1908,72,2,2,2008,0,1,1,0,Somerst,328883
2887,821,3,9,1918,0,0,0,0,OldTown,491497
1068,363,2,1,1945,2,1,1,0,NAmes,246505
1888,204,1,4,1971,2,0,1,0,Edwards,336788
889,224,3,2,1944,2,1,1,1,Gilbert,213237
2559,1255,2,1,1926,0,0,0,0,NAmes,405939
1927,908,3,4,2001,0,1,0,0,CollgCr,357335
1490,971,0,5,1907,2,0,1,0,CollgCr,272422
1180,1341,1,2,1927,1,0,0,0,Gilbert,253800
2193,986,3,1,2009,0,1,1,1,Edwards,382791
2509,1134,2,2,1980,2,1,0,0,Edwards,448148
3320,154,3,6,1909,2,0,0,1,Somerst,510893
1811,1532,0,8,1983,0,1,1,1,CollgCr,367529
982,807,0,2,2006,2,0,0,1,Somerst,256369
2998,279,3,3,1910,2,0,0,1,NAmes,421258
2389,1463,1,4,1945,1,0,1,1,NAmes,415212
2600,1322,2,4,1951,1,0,0,1,Gilbert,435473
791,95,1,3,1914,0,1,1,1,Somerst,183448
1437,347,1,1,1922,2,1,0,0,CollgCr,240174
2803,28,3,5,1919,2,0,1,0,Edwards,444283
2996,487,0,4,1920,2,0,0,0,NAmes,430126
1805,179,3,4,1944,2,1,0,1,Somerst,314318
2914,1277,3,3,1951,0,1,1,1,Gilbert,457954
3025,940,2,9,1926,1,0,1,0,CollgCr,500814
1662,1764,1,6,1931,1,0,0,0,OldTown,375684
3194,1348,0,4,1921,2,0,1,0,CollgCr,497126
1364,1100,2,2,1987,1,0,0,1,OldTown,353617
1218,916,1,8,1923,1,1,0,1,CollgCr,312416
2547,98,0,8,1999,0,1,1,1,CollgCr,409539
2410,126,1,1,1959,2,1,1,0,Edwards,360379
919,1109,3,9,1988,1,1,0,0,Sawyer,315044
2998,7,1,7,1970,0,0,1,0,Gilbert,434300
1099,76,0,1,1929,2,1,0,1,OldTown,223856
2914,394,2,7,1966,0,1,0,1,Sawyer,472932
522,1591,0,1,1930,0,1,0,1,CollgCr,195189
2890,826,3,1,1913,0,0,0,0,Sawyer,448879
2860,1277,3,2,1928,1,1,1,0,OldTown,501337
2841,740,3,5,1930,0,0,0,1,Edwards,456529
2494,311,3,6,1914,2,1,0,0,CollgCr,404119
1914,668,0,4,1902,1,1,1,1,Gilbert,344234
2615,165,0,2,2003,0,1,1,0,OldTown,416801
1331,1386,1,2,1956,0,1,0,0,Sawyer,287830
2842,330,1,8,1944,1,1,1,1,NAmes,447524
2166,677,3,9,2002,0,0,0,0,Edwards,429048
1876,1764,2,7,1924,2,1,1,0,CollgCr,404756
2016,1065,2,1,1944,0,1,1,1,Sawyer,327828
2206,825,3,8,1993,1,0,0,0,OldTown,400010
611,977,2,7,1969,0,0,0,0,Somerst,217142
919,1411,1,5,1943,0,0,1,1,Sawyer,238435
1236,458,1,2,1928,0,1,0,0,Edwards,222604
843,1145,2,9,1903,0,1,0,0,NAmes,265424
1818,1570,0,4,1909,2,1,1,0,CollgCr,343001
2505,1030,2,1,1917,2,1,0,0,CollgCr,408478
2463,803,2,2,1986,2,1,1,0,Sawyer,398964
1913,261,2,4,1970,0,1,1,1,Sawyer,327637
3065,446,2,1,1947,2,0,0,0,Edwards,464535
2195,1702,3,3,1986,1,0,0,0,Sawyer,448829
737,974,3,5,1917,0,0,1,0,CollgCr,211339
2794,542,2,9,1923,0,1,0,0,Somerst,454453
2223,753,1,1,1943,1,0,0,1,OldTown,402827
2404,1040,0,6,2000,1,0,0,0,CollgCr,429688
2196,967,3,9,1967,0,0,1,0,CollgCr,412176
2160,1259,3,8,1993,2,1,0,0,OldTown,445685
771,463,2,9,1927,2,1,1,0,OldTown,236974
2177,1168,3,2,1993,1,1,0,0,CollgCr,410367
2884,796,3,8,1907,2,0,1,1,OldTown,473253
1411,1693,3,9,1925,2,1,1,1,NAmes,333061
2308,284,2,3,1957,2,1,0,0,Sawyer,359787
592,267,0,5,1905,0,1,1,1,OldTown,151813
1542,830,0,5,1994,2,0,0,0,NAmes,320115
1810,915,0,5,1995,1,0,0,0,Somerst,341376
3448,1243,1,3,1959,2,1,1,1,Sawyer,532060
1143,727,2,9,1933,2,0,1,1,OldTown,288230
1329,1644,1,9,1910,0,1,1,0,Gilbert,338738
1725,853,0,4,1968,1,1,0,1,Somerst,325086
3477,232,0,8,1959,0,0,0,0,Gilbert,513332
3060,214,3,4,1983,0,1,0,1,OldTown,463528
604,1752,3,8,1966,1,0,0,1,NAmes,292362
1201,241,1,6,1914,2,1,0,1,OldTown,252865
2965,1706,3,5,1913,2,0,1,1,Sawyer,523906
674,500,2,2,1985,1,0,0,1,Gilbert,222409
3067,168,3,6,1917,0,0,1,1,Gilbert,466665
1344,548,3,3,2003,1,0,0,1,Sawyer,301992
3252,1106,2,2,1911,2,1,0,0,OldTown,497259
1380,770,1,2,1980,2,0,0,0,OldTown,311870
1802,1414,2,9,2007,0,0,0,0,Sawyer,395539
2485,1099,1,1,1948,0,0,0,1,Somerst,386942
878,721,1,8,1906,2,0,0,0,OldTown,237449
2171,1142,2,8,1996,0,0,1,0,CollgCr,437196
2015,1748,2,1,1920,0,1,1,1,Sawyer,356088
2851,741,2,6,1958,0,1,0,0,NAmes,462955
3488,276,1,6,2008,1,0,0,1,NAmes,528040
2492,735,1,4,1981,1,1,0,1,Gilbert,375614
1727,1512,0,7,1905,1,1,0,0,NAmes,339058
1719,391,2,4,1990,0,0,0,0,CollgCr,323584
1753,1708,2,4,1917,2,1,0,0,Sawyer,360744
2942,1058,3,4,1982,2,0,1,0,OldTown,529058
1463,1082,2,8,1968,1,0,0,0,Gilbert,317094
1000,570,1,6,1931,0,0,0,0,Edwards,216708
1502,1656,0,4,1946,1,0,0,0,NAmes,271616
568,64,0,9,1912,2,1,1,0,CollgCr,165222
818,537,1,8,2008,1,1,0,1,Gilbert,250747
770,753,1,9,1926,0,0,0,1,NAmes,218020
2814,859,1,7,1933,1,1,0,0,Somerst,478254
2667,853,1,4,1955,1,1,0,1,OldTown,450702
2590,266,3,7,1973,1,1,0,0,OldTown,441297
1885,406,0,3,1955,1,1,1,0,Sawyer,309178
2651,171,1,3,1955,0,1,0,0,Somerst,415974
983,1030,0,5,1964,2,0,0,0,Somerst,257535
3201,631,1,9,1994,1,1,1,0,OldTown,507585
2003,1018,2,6,1943,1,1,0,0,OldTown,345925
3314,1061,0,4,1991,1,1,0,0,Somerst,510554
956,1263,1,5,1986,1,1,0,0,NAmes,294173
1991,984,0,3,2005,0,0,1,1,CollgCr,410901
2588,1166,3,6,2000,2,0,1,1,Somerst,484552
1986,1056,2,4,1987,0,0,1,1,Somerst,366193
1838,1174,0,5,1927,1,0,1,1,NAmes,315241
998,1109,0,4,1985,0,1,1,1,Gilbert,271179
1643,569,0,3,1981,0,1,1,0,Edwards,267598
1216,443,1,9,1931,0,1,1,0,CollgCr,279887
1404,1417,3,4,1974,2,1,1,0,Gilbert,361074
2551,616,2,1,1927,1,1,1,0,Sawyer,401776
2390,988,3,4,1957,1,1,0,1,OldTown,420827
2321,354,1,5,1987,2,1,0,0,CollgCr,408569
1585,776,1,1,1920,0,1,1,1,OldTown,281809
3379,953,1,3,1937,1,1,0,1,Somerst,488048
762,1126,0,2,1987,1,0,0,0,NAmes,264668
1527,947,3,5,1949,1,1,1,1,Edwards,323416
854,649,0,7,2005,0,1,1,0,NAmes,264415
1516,1731,1,9,1900,2,1,1,0,NAmes,300628
3385,922,2,4,1979,0,0,0,0,Edwards,552359
1598,1454,0,8,1989,2,0,0,0,Gilbert,396915
3225,1326,1,2,2000,2,0,0,1,Sawyer,524387
1985,1004,1,8,1917,1,1,0,0,NAmes,380485
2599,1595,1,6,2008,0,1,1,0,CollgCr,494060
1872,230,0,7,1943,0,1,0,0,OldTown,306464
1297,1657,0,7,1938,2,1,0,0,Somerst,330092
2792,1530,0,5,1939,2,0,0,1,Sawyer,450747
3407,906,1,3,1970,2,1,1,1,Somerst,509835
1290,1320,0,5,1972,0,1,0,0,Edwards,323039
2836,936,3,8,1952,1,0,0,1,NAmes,507693
1283,483,0,9,1907,0,1,1,0,NAmes,246122
2650,1439,2,9,2008,2,0,1,0,CollgCr,496588
2867,442,2,2,1924,1,1,0,1,Somerst,411738
1848,566,1,6,1910,2,1,1,0,OldTown,342573
2710,934,3,1,1965,2,1,1,0,CollgCr,430460
1316,1507,0,7,1945,2,1,0,0,Somerst,325174
737,691,0,9,1967,1,0,0,0,Gilbert,249447
789,889,1,1,1996,1,1,1,1,Edwards,227985
1841,74,0,6,1910,1,1,0,0,Sawyer,315671
3207,208,1,9,1931,0,1,1,0,Gilbert,472404
882,100,1,8,1956,0,1,1,0,Gilbert,219143
1867,129,3,4,1986,1,0,1,1,Sawyer,323385
2612,1563,1,1,1966,2,1,1,1,CollgCr,469584
1107,1515,3,9,1942,1,0,0,1,Gilbert,306840
2664,1479,3,9,1967,2,1,1,1,Sawyer,514995
1417,100,3,6,2007,0,0,1,1,Sawyer,305244
2925,139,0,9,1952,1,0,0,1,Somerst,426054
2237,505,3,1,1997,1,0,1,1,Gilbert,375888
2140,1017,2,6,1985,1,1,0,0,Sawyer,439737
1030,601,3,1,1933,0,0,0,0,Gilbert,233573
1889,877,1,9,1927,0,0,0,0,Sawyer,336487
3069,311,3,7,1984,2,1,0,0,Gilbert,508737
558,1315,2,9,1922,1,0,1,0,OldTown,234858
2775,565,0,6,1937,0,0,0,1,Gilbert,491731
1978,119,1,1,1925,0,0,0,1,OldTown,301042
2658,1336,0,1,1966,0,0,1,0,Gilbert,419608
2489,1625,3,4,1932,2,1,1,0,Gilbert,483991
1796,26,1,7,1972,0,1,0,0,Sawyer,285579
1426,786,0,2,2002,2,1,0,1,Somerst,300986
2381,1488,2,8,1991,0,0,1,0,Edwards,503719
920,1271,1,3,2004,1,0,1,0,CollgCr,268316
2252,1541,0,5,1902,0,0,1,0,Somerst,350494
784,747,3,2,1950,2,0,1,1,Edwards,220202
2449,670,3,5,1924,0,1,0,0,Edwards,435880
2386,1276,2,5,2000,1,1,1,1,Somerst,458021
753,276,2,1,1978,0,0,0,1,Gilbert,179293
2772,430,1,6,1935,0,1,0,0,CollgCr,412415
1747,1081,2,8,1961,0,1,1,1,Edwards,356616
2860,1203,2,9,1966,2,0,1,1,Gilbert,515344
624,215,0,3,1954,1,1,0,1,Gilbert,196604
1038,914,0,8,1952,1,0,0,0,Gilbert,286588
1981,656,1,8,1906,1,0,1,1,Gilbert,357670
1064,903,1,9,1949,2,1,0,1,Gilbert,259127
1489,1725,0,4,1938,1,1,1,0,Sawyer,297431
2481,137,0,8,1990,1,0,0,0,Somerst,419055
933,1791,3,6,1995,0,1,1,1,CollgCr,291361
2533,809,1,1,1982,0,1,0,1,Edwards,404279
810,1389,2,3,1903,0,1,0,1,Somerst,234943
1025,764,2,7,1992,1,0,0,1,NAmes,262358
2262,559,2,2,1943,0,1,1,0,Gilbert,345895
2880,1387,2,4,1945,0,1,1,0,Edwards,476398
1011,1237,1,7,2003,0,1,1,1,Sawyer,306963
1399,259,3,2,1995,0,1,1,0,CollgCr,309480
3275,1269,1,5,1905,2,1,0,0,Sawyer,518151
3469,1355,3,2,1939,1,1,1,1,Edwards,542863
2243,698,1,5,1982,2,1,1,0,Somerst,385526
1841,1666,0,3,1959,1,1,1,0,Somerst,342332
1540,1153,3,9,1928,2,0,1,0,Somerst,343502
2337,600,0,1,1957,0,0,1,0,Sawyer,367069
2272,19,3,9,1995,1,1,1,0,CollgCr,420412
1384,1214,0,8,1924,2,1,1,0,Gilbert,268402
568,376,0,8,1982,1,1,0,0,Sawyer,190606
954,1361,2,8,1980,2,0,1,0,CollgCr,329470
3375,945,3,2,1997,0,1,0,1,CollgCr,535434
1754,840,1,9,1932,0,0,1,1,Edwards,314000
1946,294,0,6,1923,2,0,0,1,Gilbert,370136
1901,1280,0,9,1960,0,0,1,1,Sawyer,378731
2848,298,3,8,1958,2,0,0,0,Gilbert,478087
694,751,2,6,1945,2,1,1,1,Gilbert,238370
748,1505,0,4,1985,2,1,0,1,Edwards,249128
1327,1656,1,2,1987,1,0,0,0,Somerst,304459
1959,1780,1,1,1927,2,1,1,0,CollgCr,412923
2513,1724,0,4,1987,0,0,1,1,Edwards,470254
1972,1000,3,8,1925,1,0,0,1,CollgCr,401359
1823,360,2,5,1944,0,1,0,0,NAmes,337056
3313,1510,0,5,1902,2,0,1,0,Gilbert,488564
983,1442,2,3,1937,2,1,1,0,Gilbert,297161
2215,1782,1,6,2005,2,0,0,0,Edwards,436067
2126,1171,0,6,1948,2,0,1,1,NAmes,393566
1920,254,1,9,1978,0,1,0,1,NAmes,324772
2922,905,0,7,1911,0,1,1,0,NAmes,408203
1300,806,0,6,1969,2,0,0,1,Gilbert,297206
3361,1517,3,9,1940,1,0,0,1,CollgCr,553208
1494,706,2,4,1981,0,1,0,1,CollgCr,273197
2135,591,0,9,2002,2,0,1,0,Sawyer,413102
2062,144,3,4,1958,2,0,1,1,Sawyer,400182
3049,1503,2,2,1911,1,1,0,1,Gilbert,509701
1816,1359,3,4,1952,2,0,1,1,OldTown,371774
1353,74,2,2,1913,0,1,1,0,Somerst,235167
564,780,1,2,1949,0,0,1,0,CollgCr,198594
1591,863,2,8,1906,0,1,1,1,Sawyer,342373
2978,844,2,8,1970,1,1,0,0,NAmes,494469
529,1654,2,2,1934,0,0,0,1,Gilbert,214634
3188,271,0,8,1922,0,0,1,0,Edwards,466332
2128,551,1,1,1901,2,0,0,1,Gilbert,338598
920,325,0,3,1997,2,1,0,0,Edwards,225338
1406,439,1,7,1992,2,1,0,0,CollgCr,309618
2162,1632,0,3,1989,2,1,1,0,Gilbert,441297
1447,1693,0,7,1906,2,0,1,0,Somerst,346480
825,80,3,8,1938,1,0,1,0,Edwards,236698
2497,1137,0,1,2006,1,1,0,0,OldTown,457932
2516,419,3,1,1963,2,1,0,0,OldTown,399991
856,346,0,9,1914,1,1,1,1,Edwards,247059
1343,525,3,5,1915,0,0,0,1,CollgCr,284580
1231,349,1,5,1928,2,0,1,1,CollgCr,316991
2478,882,2,5,2006,0,0,0,0,CollgCr,417410
2690,1792,1,4,1918,2,0,0,1,NAmes,446993
2680,1055,1,7,1999,1,0,0,1,Sawyer,481976
3316,1301,1,6,1974,2,1,1,0,CollgCr,552345
2805,887,2,2,2001,0,0,1,1,CollgCr,499433
1462,25,1,6,1990,1,1,0,1,CollgCr,278453
823,151,2,7,1936,1,1,1,0,Sawyer,236068
2343,483,3,2,1991,1,1,1,0,Edwards,426699
3248,438,1,4,1918,0,1,1,0,OldTown,476093
3425,1513,1,8,1932,2,0,1,0,OldTown,536850
1190,1518,0,6,1923,1,1,0,1,NAmes,314975
1209,1537,1,2,1914,2,0,1,1,OldTown,300656
612,1147,0,1,1909,1,1,1,1,CollgCr,189792
923,1001,0,6,1920,0,1,0,0,Gilbert,235657
2164,1168,3,5,1913,2,1,0,0,NAmes,403482
2140,732,0,9,1941,0,0,1,1,OldTown,374505
1612,1206,1,5,1907,0,0,1,0,Gilbert,324176
1429,1429,3,9,1906,2,0,0,1,Gilbert,344373
2989,1373,3,2,2008,2,0,0,1,Edwards,501940
1880,1104,0,5,1909,2,1,1,0,CollgCr,318588
2924,104,0,2,1908,1,0,0,1,OldTown,377959
3389,1304,1,6,1903,2,0,0,0,CollgCr,526593
1451,659,2,2,1914,0,1,1,0,Somerst,269031
1108,1338,3,5,1958,2,0,1,0,OldTown,309907
3358,971,0,4,1990,1,1,0,0,Somerst,530236
2404,1586,0,2,1980,0,0,0,0,Somerst,407334
1372,609,1,1,1963,1,0,0,1,Sawyer,296793
2365,1676,3,5,1909,1,1,0,1,OldTown,430436
2045,1520,0,9,1985,0,1,1,0,Sawyer,408081
3216,595,1,2,1904,1,1,0,1,OldTown,462808
1267,868,0,4,1969,1,1,0,1,Somerst,240960
3474,956,0,3,1945,0,0,0,0,Somerst,487569
3308,1383,3,8,1997,0,1,1,0,Gilbert,593621
1042,1240,0,4,1933,2,0,1,0,Edwards,220672
993,1533,1,9,1970,1,1,1,1,Gilbert,329901
2099,665,3,3,1948,1,0,0,1,OldTown,399913
634,908,2,1,1957,1,1,1,0,Edwards,198471
1396,775,0,6,2003,1,0,0,1,Edwards,315596
1805,1637,1,6,1978,1,1,1,0,Somerst,411612
3408,548,3,9,1945,1,1,1,1,Somerst,530464
3477,1056,1,8,1949,2,1,1,1,NAmes,569666
954,216,2,8,1977,2,1,0,1,Gilbert,246957
3175,1530,2,6,1938,0,0,1,0,Gilbert,512098
772,691,2,4,1918,2,0,1,0,NAmes,197773
2745,613,0,4,1951,2,1,1,1,Sawyer,433723
3036,1049,3,2,1907,0,0,0,0,Somerst,485879
3172,897,3,4,1918,2,0,1,0,NAmes,490318
1170,1526,0,4,1946,1,0,1,0,Edwards,256715
3180,956,3,1,1987,2,1,0,1,Gilbert,490186
847,930,3,2,1985,1,0,1,0,CollgCr,260262
2056,188,2,5,1928,2,0,0,1,Sawyer,380762
1908,39,1,4,1946,0,1,1,1,OldTown,317714
1447,717,1,9,1916,0,0,1,1,CollgCr,289512
566,1796,3,5,1983,2,0,0,1,OldTown,289624
2816,1651,0,9,1927,1,0,0,0,Edwards,480810
1506,1132,3,6,1987,1,1,1,1,Somerst,348174
2484,1135,3,1,1992,0,0,0,1,Sawyer,415271
1730,704,2,2,1975,0,1,0,1,CollgCr,354629
1620,319,1,7,1936,2,0,0,1,Sawyer,255576
3158,15,2,5,2004,0,0,1,1,Edwards,496537
783,609,0,3,1975,1,0,1,1,NAmes,200215
2709,569,3,5,1971,0,0,1,1,Sawyer,439943
2740,344,1,9,1994,0,0,0,0,OldTown,489606
1639,466,0,4,1996,0,0,0,0,Somerst,293047
1287,44,3,1,1908,2,0,1,0,Somerst,219929
515,1094,2,3,1996,2,1,1,1,NAmes,227202
3310,1669,2,9,1984,0,1,1,0,CollgCr,585737
3343,1243,0,7,1922,1,1,1,0,Somerst,508413
1222,806,3,8,1933,1,1,1,1,OldTown,268383
595,756,2,9,1982,1,1,0,0,NAmes,228176
868,553,3,2,1923,2,1,0,1,NAmes,246427
702,256,3,3,1949,0,1,1,1,Gilbert,199556
2993,1077,0,1,1975,0,0,1,0,CollgCr,466332
3175,1019,0,1,1971,1,1,1,0,NAmes,474182
959,13,3,8,2000,1,0,1,1,Edwards,250820
2740,747,2,9,1912,0,1,0,1,NAmes,482631
1037,500,1,2,1932,2,1,0,1,Somerst,221106
1601,306,1,7,2008,0,0,1,1,Edwards,315683
2298,1265,2,5,1962,0,0,1,0,Somerst,441103
2659,946,3,1,1927,1,0,0,1,Edwards,409683
3123,1140,0,9,1931,1,0,0,0,Gilbert,488635
634,1284,2,8,1937,0,1,1,0,Somerst,244105
1089,1767,3,6,1960,0,1,1,1,OldTown,320475
1341,1444,1,7,1931,0,1,1,0,NAmes,317862
1430,1116,1,4,1968,1,1,0,1,CollgCr,354973
3494,1582,3,8,1948,1,0,1,1,NAmes,591545
2832,859,0,5,1967,0,0,1,0,NAmes,400119
1461,1772,1,9,1917,1,1,1,1,CollgCr,353916
3415,1370,1,1,1968,2,1,1,1,CollgCr,531408
1997,1171,3,2,2001,0,1,0,0,NAmes,393779
2002,1625,0,9,1914,2,0,0,1,OldTown,398739
1801,927,1,3,1936,0,1,0,0,Edwards,324016
931,1297,0,3,1976,0,1,1,1,CollgCr,250638
3303,512,3,8,1967,0,0,0,0,CollgCr,536871
541,1733,2,2,1974,0,0,0,1,NAmes,223588
1022,1122,1,5,1961,0,0,0,1,NAmes,245746
1188,1407,1,3,1975,1,0,1,1,CollgCr,354436
1337,829,0,2,1967,1,0,1,0,Edwards,256713
895,1560,3,9,1908,2,1,1,1,Somerst,295053
553,133,2,2,1982,1,1,1,0,Gilbert,151037
2532,205,1,1,1949,1,0,0,0,Somerst,375649
3407,912,1,7,1905,1,1,0,1,Somerst,493585
865,1318,2,8,1944,0,1,0,1,Sawyer,264621
1389,1456,2,2,1947,2,0,1,1,CollgCr,334731
2018,792,1,7,1909,0,0,1,0,Gilbert,359700
3282,1169,1,5,2009,2,0,0,1,Sawyer,553748
2582,995,2,8,1924,2,1,0,1,Edwards,413996
2798,1730,2,2,1936,2,1,0,1,Gilbert,514118
2243,1177,2,9,1948,1,1,1,0,NAmes,406172
1751,750,0,6,1991,0,1,0,1,Sawyer,371581
1099,1745,1,8,1981,2,0,1,1,Edwards,349521
3092,193,2,4,1984,0,0,0,1,CollgCr,478987
2912,1772,3,9,1926,1,1,1,0,NAmes,509500
575,277,2,6,1992,2,0,1,0,Gilbert,218162
2646,518,1,2,1991,2,0,0,0,Edwards,414762
753,1478,2,9,1951,2,0,1,1,OldTown,281931
2716,1320,0,8,1960,0,0,1,0,OldTown,460563
2977,1746,0,3,1904,2,0,1,0,Sawyer,431138
893,1349,2,5,1983,0,0,1,1,OldTown,298826
1801,1146,3,4,2005,1,0,0,0,NAmes,382328
871,623,3,5,1951,2,1,0,1,CollgCr,240434
2201,8,2,9,1959,1,1,1,1,CollgCr,371823
3282,222,0,9,1954,2,1,0,0,Somerst,503669
742,535,3,2,1909,1,1,0,0,Gilbert,178745
1692,73,1,9,1968,0,1,0,1,Gilbert,276136
3419,914,1,4,1979,0,0,0,0,Somerst,530393
1402,1399,3,7,2002,1,1,0,1,Gilbert,376362
896,1733,2,7,2002,2,1,0,0,OldTown,315687
1965,881,2,5,1954,1,1,1,0,Somerst,347032
2025,1575,1,5,2005,2,0,1,0,NAmes,420529
2488,1773,3,5,1958,1,0,0,1,Edwards,441509
1441,1547,1,8,1970,0,1,0,0,Edwards,327845
3366,836,2,4,1966,0,1,1,0,NAmes,503086
2063,585,3,3,2009,1,1,0,0,Edwards,405809
1359,1760,2,4,1981,2,1,0,0,Gilbert,341038
3380,435,0,2,1913,2,0,0,0,OldTown,453443
3274,740,1,4,1907,0,0,0,1,Edwards,509634
1997,133,1,2,1945,1,1,0,1,OldTown,324039
574,1428,3,1,1956,2,1,0,0,CollgCr,238440
2290,1169,2,7,1973,1,0,1,1,NAmes,425466
2165,152,1,1,1952,0,0,1,1,OldTown,316103
944,399,2,6,1956,1,0,0,1,Gilbert,198472
2401,999,2,8,2001,0,0,1,1,Sawyer,469845
3022,972,1,7,1936,0,1,1,0,Somerst,489666
817,1443,1,5,1954,1,0,0,1,Somerst,252607
2669,478,3,2,1961,0,1,0,1,Somerst,420365
921,1664,2,9,1951,1,0,1,1,Edwards,317993
2746,800,0,8,2006,1,1,0,0,OldTown,441366
1757,1480,2,6,2005,1,0,0,1,Somerst,382672
519,429,2,1,1956,1,1,0,1,Gilbert,150924
3398,66,2,1,1949,0,1,0,1,OldTown,504450
997,99,2,3,1964,2,1,0,0,Edwards,247743
2288,670,3,2,1919,2,1,0,0,Edwards,336026
1044,1715,1,8,1946,2,1,0,1,CollgCr,279565
3299,87,1,2,1923,2,1,1,0,OldTown,450923
2714,664,0,3,1915,1,0,0,0,NAmes,390651
2913,196,2,9,1910,2,0,1,1,Edwards,424782
1796,1676,1,8,1964,1,0,1,1,Somerst,431095
1902,1215,1,2,1900,0,0,1,0,Somerst,332071
2402,1372,2,4,1971,2,1,1,0,Sawyer,452996
2854,1283,1,5,1947,0,0,0,0,NAmes,453220
3040,1182,1,6,1940,2,0,0,0,Gilbert,508125
553,1392,1,9,1984,1,1,0,0,Gilbert,251501
2490,14,1,8,1959,2,0,1,1,Edwards,398393
827,1557,0,9,1980,1,0,1,1,CollgCr,296470
1363,1331,3,1,1978,1,1,1,0,OldTown,286790
2988,1330,0,3,1903,0,1,0,0,Somerst,482021
1251,708,1,6,1923,2,1,0,1,Sawyer,276778
2890,1441,2,1,1962,0,1,1,0,Somerst,498959
1889,687,0,4,2007,1,1,1,0,Edwards,332562
1197,88,2,2,1916,1,1,1,0,Somerst,205127
1502,1634,2,9,1911,1,0,0,1,NAmes,326742
2092,422,2,1,2003,0,1,0,0,Somerst,366206
2795,183,1,2,2006,1,0,0,0,NAmes,430490
2318,1119,0,2,1918,1,0,1,1,Sawyer,361652
3299,420,3,2,1944,0,1,0,0,Sawyer,463009
3103,1544,1,6,1968,0,1,1,0,Edwards,494958
2760,798,3,4,1921,2,0,0,0,OldTown,444950
2309,8,0,9,1935,0,1,0,1,Gilbert,355998
1369,1713,0,3,1943,0,1,0,1,Somerst,289598
1737,926,3,5,1970,1,1,1,1,Somerst,392052
856,473,3,6,1933,0,0,1,0,Edwards,228633
1622,1219,3,6,1945,1,1,1,0,CollgCr,380581
3279,955,3,8,1931,0,0,1,1,NAmes,514625
1777,53,0,2,1983,1,1,0,1,CollgCr,301686
841,1367,3,5,1916,2,0,0,0,Edwards,259480
2455,722,2,8,1925,1,1,1,1,OldTown,386978
3387,1259,0,8,1927,2,0,0,1,Edwards,560297
3102,1612,0,6,1999,2,0,0,1,CollgCr,530597
1322,1099,3,6,2003,0,0,1,1,Sawyer,349508
1861,1208,1,8,1955,1,1,1,0,OldTown,363989
2093,458,3,6,1917,0,0,0,0,Gilbert,356053
1243,427,0,9,1983,1,1,1,0,OldTown,270673
1306,747,1,2,1954,0,0,1,0,Edwards,287860
1209,1535,1,4,1993,2,0,1,1,Somerst,323818
3483,943,1,2,1939,0,1,1,1,CollgCr,513791
2738,626,2,1,2009,1,1,0,1,CollgCr,473984
3022,1403,3,5,1988,0,0,0,0,OldTown,545867
2949,1536,3,3,1924,2,0,1,1,Gilbert,507737
3377,1624,2,4,1979,2,0,0,0,CollgCr,533595
815,538,0,4,1931,2,1,0,1,Edwards,189656
3144,1277,3,6,1938,1,1,1,0,Somerst,502042
699,1062,2,9,1927,0,0,0,0,Somerst,255721
1926,808,2,8,1975,2,1,1,0,Edwards,393593
2283,714,2,4,1928,1,0,0,1,NAmes,353080
1573,206,3,3,1970,2,0,0,0,NAmes,302495
938,494,3,7,1964,2,1,1,0,Edwards,237658
1076,989,2,2,1982,1,1,1,0,Gilbert,271657
2973,1595,2,5,2009,2,0,0,1,NAmes,500323
1456,1559,2,4,1900,2,1,0,0,Sawyer,329097
1431,337,1,2,2008,1,0,0,0,Somerst,293649
3270,1222,1,6,1912,0,1,0,0,NAmes,541539
931,152,2,3,1957,0,0,1,0,OldTown,229247
3245,1215,0,2,1937,1,0,0,1,CollgCr,475892
3262,615,1,6,1970,1,0,0,1,Sawyer,519781
2295,809,2,2,1979,0,1,0,0,Edwards,366457
996,1291,3,7,1994,0,1,0,1,OldTown,290551
967,764,2,2,1944,2,0,1,0,CollgCr,245193
1354,1453,1,4,2002,2,1,0,1,Edwards,292695
2232,960,1,8,1935,0,1,1,0,NAmes,397177
960,1797,2,3,1922,1,0,0,0,CollgCr,250875
1866,1148,2,7,1941,0,1,0,0,CollgCr,372606
846,533,0,7,1958,2,1,1,0,Somerst,211025
2120,1395,2,9,1973,2,0,0,1,Somerst,445685
563,734,1,2,1991,2,0,0,1,Edwards,204077
2627,961,2,7,1924,1,0,0,1,NAmes,470017
666,246,3,9,1933,1,1,0,0,OldTown,221435
1084,214,3,7,2003,2,1,1,1,Gilbert,272627
1023,1034,2,2,1948,1,0,1,0,CollgCr,248152
2992,336,1,8,1926,1,0,0,1,CollgCr,428075
660,1795,1,1,2008,2,0,1,1,NAmes,266723
1787,1540,0,6,1949,1,0,1,0,Gilbert,373567
2273,1261,3,5,2008,2,0,1,0,NAmes,500054
2047,1322,3,5,2001,1,0,0,0,Somerst,409013
2542,1071,3,5,1999,2,1,1,1,Sawyer,465704
2909,108,1,1,1964,0,0,0,1,Somerst,401395
1680,706,1,5,1987,0,1,1,0,OldTown,337082
2984,892,3,9,2005,0,0,1,1,CollgCr,532554
1453,1647,2,4,1929,1,0,0,1,NAmes,326243
3453,395,2,3,1904,2,1,0,0,CollgCr,509957
2013,894,1,9,1935,0,1,1,1,Sawyer,363850
2708,619,1,1,1970,0,1,0,0,CollgCr,435363
3125,241,2,5,1960,2,1,1,1,NAmes,489160
2877,185,3,5,1908,2,0,1,0,Gilbert,433829
3053,657,1,5,1961,1,0,0,1,OldTown,467211
2109,148,3,9,1919,1,1,0,0,OldTown,419043
630,120,0,4,1955,1,1,0,0,Gilbert,155760
1979,631,1,9,1963,0,1,0,0,Edwards,379089
1044,363,3,1,1970,0,1,0,1,Sawyer,223356
3167,998,3,7,1945,2,0,0,0,Edwards,559002
1210,31,3,6,1944,1,0,1,1,Somerst,277677
1184,543,1,3,1974,2,0,0,1,Sawyer,248993
1248,815,3,3,1982,2,1,1,1,Edwards,311932
2427,1733,3,7,1988,0,1,1,1,CollgCr,487644
2213,1142,3,6,1936,0,0,1,1,Sawyer,397178
3346,1585,0,6,1946,2,1,1,0,CollgCr,555023
1748,617,2,1,1936,0,1,0,1,NAmes,312146
1346,809,3,6,1958,1,0,1,0,Somerst,315934
647,756,3,9,1913,2,0,0,1,Sawyer,232772
521,1597,0,1,1947,2,1,0,0,NAmes,213611
1620,1726,3,5,1920,2,1,0,1,Gilbert,368828
3277,1732,0,5,1958,0,0,1,1,Gilbert,529132
2071,1353,1,9,1993,0,0,1,0,Sawyer,409310
3180,905,2,3,2008,0,0,1,1,OldTown,544075
805,973,1,5,1949,0,1,1,0,CollgCr,211062
779,1764,2,7,1906,0,0,0,0,Edwards,268203
3000,512,0,1,1925,2,1,1,1,NAmes,419075
820,624,2,8,1911,0,0,0,1,Gilbert,260751
655,1614,2,8,1983,2,0,1,0,Somerst,265740
1712,695,2,7,2008,1,0,0,1,Edwards,349615
3274,423,1,6,1960,1,1,1,1,Edwards,475664
2568,1008,1,7,1919,0,0,0,1,Somerst,429869
797,585,1,8,1902,0,1,1,1,Edwards,184409
3011,1603,1,9,2007,1,0,0,0,Gilbert,535559
3030,1636,2,4,1934,0,1,0,0,Sawyer,457293
2902,550,1,5,1912,2,0,1,1,Sawyer,441828
3207,953,1,6,1919,0,0,0,1,Somerst,476486
1219,1771,1,2,1928,0,1,0,0,Gilbert,256369
3438,1336,0,8,1972,2,1,0,1,OldTown,582132
1462,388,2,7,1998,1,1,0,1,NAmes,296387
2906,1063,3,6,1930,0,0,0,1,OldTown,494119
2238,1115,1,3,1975,2,1,1,0,Sawyer,389759
2838,1176,3,4,1907,0,0,0,0,NAmes,488051
2383,45,2,4,1901,2,1,0,0,Edwards,375321
2427,538,0,6,1906,2,1,0,1,CollgCr,360729
2348,1538,1,8,2001,2,1,1,1,Edwards,449858
2836,434,0,7,1963,2,1,1,0,CollgCr,461631
2717,539,0,9,1988,0,1,0,1,Gilbert,447382
903,580,1,9,1902,2,1,0,1,Gilbert,232943
2978,319,1,7,1902,0,0,0,0,Gilbert,459585
2108,279,3,4,1993,1,0,1,0,Somerst,363266
1469,624,0,6,1911,0,1,1,1,CollgCr,274776
2042,1573,3,4,1917,1,1,1,1,Edwards,413433
3400,2,0,6,1957,2,1,0,1,NAmes,503062
3072,509,0,8,1966,1,1,1,1,OldTown,477488
3001,109,2,4,1925,0,0,0,0,Edwards,424692
1888,1010,3,5,1948,0,0,1,1,Somerst,331504
2852,451,2,1,1974,2,1,1,1,NAmes,421235
1655,1425,0,7,1948,1,1,0,0,Gilbert,355617
2558,1053,0,5,1942,1,0,1,0,Edwards,416542
2418,1410,1,5,1907,1,0,1,1,Sawyer,413679
1249,1142,1,5,1949,0,0,0,1,Edwards,306455
1299,789,3,2,1988,1,0,0,1,Edwards,273904
683,1549,1,6,1968,1,1,0,0,Somerst,253566
919,857,0,7,1998,2,1,1,0,Gilbert,273344
1800,1709,3,4,1913,1,1,0,1,CollgCr,357477
1933,1790,0,2,1901,2,1,0,1,Edwards,383260
995,1060,0,4,1960,2,0,1,1,NAmes,272022
1750,1214,1,2,1919,0,0,0,1,Edwards,322463
2312,460,1,4,1965,1,0,0,0,Gilbert,416605
1197,1466,2,6,1999,1,0,1,1,Sawyer,299932
1514,1208,3,2,1937,0,1,1,0,CollgCr,315505
1602,1624,3,7,1960,0,0,1,1,OldTown,381507
2015,480,1,3,1974,2,0,0,0,Edwards,333159
1599,1417,3,9,1916,1,1,0,1,OldTown,369984
2710,846,2,7,1998,0,1,0,1,CollgCr,452008
1482,333,0,3,1922,0,0,1,1,OldTown,263951
1801,308,3,6,1988,0,0,0,1,OldTown,370787
1638,1011,0,1,1972,0,1,0,1,Edwards,311867
1048,575,2,1,1915,0,1,1,1,Sawyer,180224
2557,183,3,9,1979,2,1,1,0,Edwards,429854
1206,768,0,8,1921,2,0,1,0,OldTown,281074
1390,1175,1,2,1965,1,0,0,1,Somerst,298324
2878,574,1,3,2005,1,0,1,1,Gilbert,404660
3346,1719,3,2,2004,2,1,0,1,Edwards,597277
2512,1403,0,4,1995,2,1,1,1,Edwards,453173
3249,922,2,3,1954,0,1,0,1,CollgCr,482489
3062,1682,1,3,1961,2,1,1,1,Sawyer,531399
1942,779,0,5,1933,0,1,0,1,Sawyer,321429
2810,251,2,2,2001,0,0,1,1,CollgCr,421771
1485,64,3,8,1952,1,0,0,0,OldTown,311877
1881,1688,2,7,1984,2,1,1,1,CollgCr,454651
2106,1727,0,7,1939,0,0,0,0,Sawyer,433812
3381,1330,0,2,1981,0,0,0,1,NAmes,524704
3045,185,1,7,1924,0,0,0,1,CollgCr,454198
1967,528,2,8,1980,1,0,1,1,OldTown,395320
2457,73,2,2,1905,2,1,0,0,Edwards,336050
1107,92,0,7,1911,0,1,0,1,CollgCr,229733
2913,442,2,4,1938,0,1,1,0,Edwards,426629
2159,1029,1,8,1953,0,0,0,1,Gilbert,404220
2098,117,2,5,1978,0,0,0,0,Gilbert,353111
2798,1772,3,8,1939,0,0,1,0,NAmes,518284
2398,819,2,2,1902,1,0,1,1,NAmes,379702
717,474,0,4,1935,1,1,1,1,NAmes,126369
1364,928,3,3,1948,1,1,1,0,Sawyer,304938
1030,1422,0,3,1959,2,1,0,0,Somerst,281623
2704,562,3,3,1970,1,0,0,0,Edwards,449839
605,85,0,4,1927,0,1,0,1,Gilbert,150698
1107,91,2,2,1967,1,0,1,0,Somerst,265053
2292,1533,0,7,1969,0,0,1,0,CollgCr,432267
2584,200,0,5,1985,2,1,0,0,Edwards,419993
2009,1144,2,8,1957,0,0,1,0,Somerst,416440
3082,692,2,7,1989,0,0,0,0,NAmes,510552
3256,1399,0,2,1924,2,1,0,1,Somerst,475760
896,108,3,1,1978,1,0,1,1,Edwards,168313
3357,1616,1,4,1905,0,1,1,0,NAmes,506368
2343,1256,1,5,1911,2,0,1,1,CollgCr,418589
2408,808,1,3,1995,0,1,1,1,Edwards,403138
785,372,1,8,1952,2,0,1,0,OldTown,244054
2365,1758,0,6,1968,2,0,1,1,OldTown,448645
2677,543,1,7,1966,1,1,0,1,Somerst,467351
2242,882,0,1,1976,1,0,0,1,OldTown,365396
753,709,0,8,1927,1,1,1,0,Edwards,227342
2069,414,1,2,1919,1,0,0,0,Gilbert,333868
3307,749,2,5,1904,0,1,0,0,NAmes,518362
2670,272,3,4,1995,0,1,0,0,OldTown,404447
912,2,1,8,1924,0,0,0,1,NAmes,198832
3379,521,1,3,1963,2,0,1,1,Sawyer,515700
3376,201,3,3,1950,0,1,0,1,CollgCr,521318
1008,746,2,4,1917,1,1,0,1,Gilbert,244321
2902,1552,3,4,1945,2,0,1,1,CollgCr,495446
1720,292,3,2,1909,2,0,0,0,OldTown,311622
2281,2,3,2,1919,0,1,0,0,Somerst,361964
1835,199,3,3,1915,0,1,0,0,Gilbert,299617
2847,914,1,5,1990,2,0,1,0,CollgCr,483336
3489,494,1,4,1962,0,0,0,1,CollgCr,529961
2885,881,1,4,2001,0,1,1,0,Sawyer,510799
3294,52,0,7,1947,2,0,0,0,OldTown,491072
3338,599,2,3,1922,2,0,1,0,CollgCr,489823
770,738,2,9,1966,2,1,0,1,Gilbert,260538
1260,776,3,7,2002,2,0,1,1,NAmes,338588
2665,992,0,2,1958,0,1,0,0,Sawyer,415717
2270,1405,1,3,1901,0,0,1,0,Sawyer,383093
650,841,0,2,1933,0,1,0,0,Gilbert,159182
785,1514,3,3,2001,0,0,0,1,OldTown,302251
2061,953,1,4,1957,2,1,0,0,NAmes,352826
2348,468,0,2,2004,0,0,0,1,OldTown,369958
1003,412,2,1,1956,1,0,0,1,OldTown,226162
1013,580,3,4,1901,2,1,1,1,Sawyer,278850
888,1075,3,7,1996,2,1,0,0,Somerst,289626
2194,436,0,3,1983,0,1,0,0,Sawyer,345660
523,1645,1,8,1978,1,0,1,0,Gilbert,245514
2217,863,0,4,2006,1,0,0,1,Gilbert,427968
1927,1553,1,9,1921,2,1,0,0,NAmes,339243
1897,1229,2,3,1999,1,1,0,0,NAmes,364375
2537,600,1,5,1925,0,0,0,0,NAmes,450696
2067,410,0,7,2006,2,1,0,1,Somerst,392988
2683,1339,2,1,1921,2,1,0,1,CollgCr,415970
2791,595,0,9,1960,1,1,0,0,Sawyer,454972
3260,444,0,4,1986,0,1,1,1,NAmes,484109
2897,1674,0,5,1908,1,1,0,1,Sawyer,486753
2053,868,0,6,1907,2,1,1,1,Somerst,390140
1976,87,1,6,1993,2,1,1,1,NAmes,363811
1207,890,3,1,1906,1,1,0,0,NAmes,244974
2298,829,3,8,1967,0,1,0,1,OldTown,444482
917,1555,0,6,2003,1,0,1,1,OldTown,274305
3293,1280,0,9,1967,2,1,1,1,OldTown,524563
3035,344,1,5,1952,2,1,0,1,Edwards,426212
859,270,2,6,1945,0,1,1,1,NAmes,189987
2857,1086,2,4,1970,0,1,1,0,NAmes,455781
851,85,3,9,1962,1,0,0,1,Somerst,221254
2663,574,1,8,1955,0,1,0,1,Sawyer,444155
763,248,0,9,1916,2,0,1,0,CollgCr,179262
1964,37,0,5,1972,0,0,0,0,Sawyer,258447
2473,1653,0,8,1981,1,0,1,1,OldTown,443672
2686,161,0,4,1977,2,1,0,0,OldTown,403263
1755,16,3,5,1908,2,1,1,1,NAmes,293781
3264,1679,1,7,1977,2,1,0,1,OldTown,590390
2822,338,3,1,1980,0,0,0,1,Edwards,422669
1124,1469,2,7,1920,2,0,0,0,Somerst,317018
2513,56,2,1,1993,1,1,0,0,CollgCr,392490
2691,276,1,6,1957,0,0,1,1,CollgCr,417004
1500,199,3,5,1951,1,1,0,1,Edwards,281652
2714,1271,0,5,1979,1,1,1,0,NAmes,460804
3195,1116,0,5,1956,1,1,1,0,CollgCr,484188
2951,855,1,5,1959,0,0,0,0,Somerst,468810
2787,434,1,4,1934,1,0,1,1,Sawyer,414805
2403,159,2,5,2002,1,0,1,1,Somerst,387597
1311,1024,2,6,2006,0,1,1,0,CollgCr,345408
2885,415,2,7,1914,2,0,0,0,Sawyer,457087
1592,1062,1,5,1980,0,1,1,0,Edwards,325639
2096,1237,1,6,1902,2,0,1,1,Gilbert,379750
1443,1528,3,8,1940,0,0,1,0,CollgCr,348174
1439,889,0,9,2006,2,0,0,0,Somerst,321898
972,8,2,1,1919,1,1,1,0,NAmes,193250
3383,505,2,7,1941,0,1,0,1,Somerst,499310
943,1536,3,3,1924,0,0,0,0,CollgCr,244871
758,959,2,2,1980,2,1,0,0,Sawyer,207285
3308,1114,1,8,1951,2,1,1,1,NAmes,529668
2165,824,1,1,1965,0,1,1,0,Somerst,373449
1813,292,1,8,2003,1,1,0,0,NAmes,342417
2712,1614,1,7,1957,1,0,1,1,Somerst,533094
1649,1391,0,9,1980,0,0,0,1,Edwards,381744
883,1791,2,7,1910,1,1,0,0,Sawyer,305857
2689,1539,0,8,1923,2,0,1,0,Somerst,480455
1027,524,2,2,2004,2,0,1,0,OldTown,296587
2158,457,3,9,1994,2,0,1,1,NAmes,404520
3347,447,3,2,1972,0,1,1,1,Somerst,449635
3308,1653,0,3,1941,0,0,0,1,Edwards,502477
1582,1002,3,2,1921,1,0,1,1,NAmes,321664
2840,818,0,4,1993,0,1,0,0,Somerst,457350
2338,1742,1,7,1986,1,0,1,1,CollgCr,463769
1938,1086,0,3,1926,0,0,0,1,CollgCr,358438
919,1636,0,8,1964,0,0,0,0,NAmes,289771
1629,1772,0,6,1968,0,0,0,1,OldTown,373248
2455,143,0,6,1952,0,1,1,1,CollgCr,359779
3459,650,3,9,2001,2,1,0,1,NAmes,553982
514,1321,0,4,1913,0,0,1,1,Edwards,216862
2653,1463,1,4,1928,2,1,1,0,CollgCr,451568
3039,267,2,9,1910,0,1,0,0,NAmes,449505
3353,573,3,6,1976,0,1,1,0,Edwards,515722
1771,986,3,6,1970,1,1,0,1,NAmes,359268
855,1438,0,3,2008,2,1,0,1,Sawyer,255591
1312,203,3,2,1959,0,0,1,0,Edwards,234377
3051,1081,2,2,1916,0,0,0,0,Sawyer,431242
3133,533,0,3,1949,2,1,0,0,Sawyer,456650
2411,389,1,2,1909,1,1,0,1,Sawyer,346511
868,927,3,7,1973,1,1,1,0,Edwards,298903
865,745,1,1,1974,2,0,0,0,OldTown,231412
1934,1144,0,6,1994,2,0,0,0,Gilbert,389406
2264,571,3,9,1937,1,1,1,1,NAmes,396818
597,1481,3,7,1934,1,0,0,0,Gilbert,249089
2558,140,3,4,1907,0,1,1,0,OldTown,393000
2133,1551,3,1,1945,0,1,0,0,NAmes,409994
536,53,3,8,1952,1,1,1,0,CollgCr,200002
787,1324,1,1,1982,0,0,1,0,CollgCr,256912
1862,623,0,7,1982,2,1,0,1,NAmes,357700
2667,690,2,7,1915,2,1,0,1,Somerst,453827
2976,34,0,2,1931,0,1,1,1,NAmes,393323
1793,1263,1,7,1956,1,1,1,1,Gilbert,332898
1386,297,2,2,1936,0,0,0,1,Edwards,260107
3404,1186,3,3,1902,1,1,1,0,Gilbert,532186
1875,1305,1,8,1993,0,1,0,1,OldTown,407157
1446,1521,1,9,1980,1,1,1,0,NAmes,369344
1826,1274,2,3,1957,1,1,1,0,CollgCr,354648
